USE `Hotel`;

INSERT INTO Amenity (ID_Amenity, Amenity, Cost, State) VALUES
(1, 'TV', 2.00, '2 year. Speaker squelch'),
(2, 'Freeze', 10.00, 'New'),
(3, 'Balcony', 1.00, 'After the renovation'),
(4, 'Minibar', 15.00, 'Fully functional'),
(5, 'Coffee Maker', 5.00, '5 year. The power button is stuck'),
(6, 'Air Conditioning', 14.00, '1.5 year. Good'),
(7, 'Heating', 20.00, '6 mounth. Good'),
(8, 'Air Conditioning', 15.00, 'New'),
(9, 'Balcony', 1.25, 'New'),
(10, 'TV', 5.00, 'New'),
(11, 'Coffee Maker', 5.00, 'New');

INSERT INTO Room_Type (ID_Room_Type, Room_Type, Cost) VALUES
(1, 'Standart', 150.00),
(2, 'Luxe', 350.00),
(3, 'Deluxe', 250.00);

INSERT INTO Room (Room_Number, ID_Room_Type, Capacity) VALUES
(101, 1, 2),
(102, 1, 2),
(103, 1, 1),
(104, 3, 3),
(105, 3, 1),
(106, 3, 1),
(107, 3, 3),
(108, 3, 3),
(109, 2, 1),
(110, 2, 1),
(111, 2, 2),
(112, 2, 1),
(113, 2, 1),
(114, 1, 2),
(115, 1, 1),
(116, 2, 2),
(117, 2, 3),
(118, 3, 1),
(119, 3, 2),
(120, 1, 1),
(121, 1, 2),
(122, 1, 1);

INSERT INTO Amenity_Room (ID_Room, ID_Amenity) VALUES
-- Freeze
(101, 2),
(104, 2),
(105, 2),
(106, 2),
(107, 2),
(108, 2),
(109, 2),
(110, 2),
(111, 2),
(112, 2),
(113, 2),
(114, 2),
(115, 2),
(116, 2),
(117, 2),
(118, 2),
(119, 2),
(120, 1),
(121, 1),
(122, 1),
(120, 2),
(121, 2),
(122, 2),

-- Coffee
(101, 11),
(104, 11),
(105, 11),
(106, 11),
(107, 11),
(108, 11),
(109, 11),
(110, 11),
(111, 11),
(112, 11),
(113, 11),
(114, 11),
(115, 11),
(116, 11),
(117, 11),
(118, 11),
(119, 11),
(120, 11),
(121, 5),
(122, 5),

-- Air con
(101, 6),
(104, 6),
(105, 8),
(106, 8),
(107, 8),
(108, 8),
(109, 8),
(110, 8),
(111, 8),
(112, 8),
(113, 8),
(114, 8),
(115, 8),
(116, 8),
(117, 8),
(118, 8),
(119, 8),
(120, 8),
(121, 6),
(122, 6),

-- Heating
(101, 7),
(104, 7),
(105, 7),
(106, 7),
(107, 7),
(108, 7),
(109, 7),
(110, 7),
(111, 7),
(112, 7),
(113, 7),
(114, 7),
(115, 7),
(116, 7),
(117, 7),
(118, 7),
(119, 7),
(120, 7),
(121, 7),
(122, 7),

-- Balcony
(101, 3),
(105, 9),
(106, 9),
(107, 9),
(108, 9),
(109, 9),
(110, 9),
(111, 9),
(112, 9),
(113, 9),
(114, 9),
(115, 9),
(116, 9),
(117, 9),
(118, 9),
(119, 9),
(120, 9),

-- TV
(101, 10),
(104, 10),
(105, 10),
(106, 10),
(107, 10),
(108, 10),
(109, 10),
(110, 10),
(111, 10),
(112, 10),
(113, 10),
(114, 10),
(115, 10),
(116, 10),
(117, 10),
(118, 10),
(119, 10),
(120, 10);

INSERT INTO Guest (ID_Guest, Full_Name, Address, Birth_Date, Phone_Number) VALUES
(1, 'John Doe', '123 Main St', '1980-01-01', '5551234'),
(2, 'Jane Smith', '456 Oak St', '1990-02-02', '5555678'),
(3, 'Jim Brown', '789 Pine St', '1985-03-03', '5559101'),
(4, 'Sara Davis', '101 Maple St', '1975-04-04', '5551122'),
(5, 'Tom Wilson', '202 Birch St', '1995-05-05', '5553344'),
(6, 'Lucy Martin', '303 Spruce St', '1983-06-06', '5555566'),
(7, 'Eve Green', '404 Cedar St', '1988-07-07', '5557788'),
(8, 'Bob White', '505 Aspen St', '1978-08-08', '5559900'),
(9, 'Alice Black', '606 Elm St', '1992-09-09', '5551111'),
(10, 'Chris Blue', '707 Walnut St', '1987-10-10', '5552222'),
(11, 'Anna Gray', '808 Cherry St', '1982-11-11', '5553333'),
(12, 'Mark Red', '909 Magnolia St', '1991-12-12', '5554444');

INSERT INTO Booking (ID_Booking, ID_Room, ID_Guest, Date_Booking, Date_Settlement, Date_Departure, Date_Payment) VALUES
(1, 101, 1, '2024-05-01', '2024-05-10', '2024-05-15', '2024-05-01'),
(2, 102, 2, '2024-05-02', '2024-05-11', '2024-05-16', '2024-05-02'),
(3, 103, 3, '2024-05-03', '2024-05-12', '2024-05-17', '2024-05-12'),
(4, 104, 4, '2024-05-04', '2024-05-13', '2024-05-18', '2024-05-13'),
(5, 105, 5, '2024-05-05', '2024-05-14', '2024-05-19', '2024-05-05'),
(6, 106, 6, '2024-05-06', '2024-05-15', '2024-05-20', '2024-05-06'),
(7, 107, 7, '2024-05-07', '2024-05-16', '2024-05-21', '2024-05-16'),
(8, 108, 8, '2024-05-08', '2024-05-17', '2024-05-22', '2024-05-17'),
(9, 109, 9, '2024-05-09', '2024-05-18', '2024-05-23', '2024-05-09'),
(10, 110, 10, '2024-05-10', '2024-05-19', '2024-05-24', '2024-05-10'),
(11, 111, 11, '2024-05-11', '2024-05-20', '2024-05-25', '2024-05-11'),
(12, 112, 12, '2024-05-12', '2024-05-21', '2024-05-26', '2024-05-12');

INSERT INTO Profesion (ID_Profesion, Profesion, Category) VALUES
(1, 'Administrator',  'Managment'),
(2, 'Chef',  'Culinary'),
(3, 'Housekeeper', 'Service'),
(4, 'Receptionist','Service'),
(5, 'Concierge', 'Service'),
(6, 'Waiter', 'Service'),
(7, 'Bartender', 'Bar'),
(8, 'Technician', 'Tech support'),
(9, 'Electrician', 'Tech support'),
(10, 'Security', 'Safety'),
(11, 'Finance Manager', 'Finance');

INSERT INTO Employee (ID_Employee, Full_Name, Birth_Date, Address, Phone_Number, ID_Profesion) VALUES
(1, 'Alice Brown', '1980-01-01', '123 Maple St', '5551234', 1),
(2, 'Bob Green', '1975-02-02', '456 Oak St', '5555678', 2),
(3, 'Charlie Black', '1990-03-03', '789 Pine St', '5559101', 4),
(4, 'David White', '1985-04-04', '101 Elm St', '5551122', 5),
(6, 'Frank Silver', '1983-06-06', '303 Spruce St', '5555566', 6),
(7, 'Grace Gold', '1988-07-07', '404 Cedar St', '5557788', 7),
(8, 'Hank Blue', '1978-08-08', '505 Aspen St', '5559900', 8),
(9, 'Ivy Red', '1992-09-09', '606 Elm St', '5551111', 9),
(10, 'Jack Violet', '1987-10-10', '707 Walnut St', '5552222', 10),
(11, 'Karen Orange', '1982-11-11', '808 Cherry St', '5553333', 3),
(12, 'Larry Yellow', '1979-12-12', '909 Magnolia St', '5554444', 11),
(13, 'Megan Purple', '1986-01-01', '123 Cedar St', '5555555', 3),
(14, 'Nina Black', '1991-02-02', '456 Pine St', '5556666', 4);

INSERT INTO Service (ID_Service, Service, Cost) VALUES
(1, 'Room Cleaning', 20.00),
(2, 'Laundry', 15.00),
(3, 'Breakfast', 15.00),
(4, 'Dinner', 15.00),
(5, 'Spa', 50.00),
(6, 'Gym Access', 10.00),
(7, 'Pool Access', 15.00),
(8, 'Catering service', 35.00),
(9, 'Parking', 5.00),
(10, 'Bar', 30.00),
(11, 'Airport Shuttle', 40.00),
(12, 'Dry Cleaning', 25.00),
(13, 'Pet Sitting', 40.00);

INSERT INTO Accommodation (ID_Accommodation, ID_Room, ID_Guest, Date_Settlement, Date_Departure, Total_Cost) VALUES
(1, 101, 1, '2024-05-10', '2024-05-15', 150),
(2, 102, 2, '2024-05-11', '2024-05-16', 100),
(3, 103, 3, '2024-05-12', '2024-05-17', 125),
(10, 110, 10, '2024-05-19', '2024-05-24', 100),
(11, 111, 11, '2024-05-20', '2024-05-25', 200),
(12, 112, 12, '2024-05-21', '2024-05-26', 140);

INSERT INTO Service_Accommodation (ID_Service, ID_Accommodation, ID_Employee, Date_Serv_Begin, Date_Serv_End) VALUES
(1, 1, 11, '2024-05-10', '2024-05-11'),
(2, 2, 2, '2024-05-11', '2024-05-12'),
(10, 1, 7, '2024-05-12', '2024-05-13'),
(4, 10, 2, '2024-05-13', '2024-05-14'),
(2, 11, 2, '2024-05-14', '2024-05-15'),
(6, 12, 4, '2024-05-15', '2024-05-16'),
(7, 2, 4, '2024-05-16', '2024-05-17'),
(10, 3, 7, '2024-05-17', '2024-05-18'),
(10, 12, 7, '2024-05-18', '2024-05-19'),
(10, 10, 7, '2024-05-19', '2024-05-20');

INSERT INTO Service_Profesion (ID_Service, ID_Profesion) VALUES
(1, 3),
(2, 2),
(3, 2),
(4, 2),
(5, 5),
(6, 5),
(7, 5),
(8, 2),
(9, 5),
(10, 7),
(10, 6),
(11, 5),
(12, 5),
(13, 5);

INSERT INTO Manager (Full_Name, Birth_Date, Phone_Number, Position)
VALUES
    ('John Smith', '1980-06-15', '9876543', 'Director'),
    ('Emily Johnson', '1992-03-20', '7654321', 'Deputy Director');

